1,Lois,Carter,lcarter0@hatena.ne.jp
2,Mary,Snyder,msnyder1@ibm.com
3,Billy,Carr,bcarr2@uol.com.br
4,Carol,Garrett,cgarrett3@mlb.com
5,Elizabeth,Stanley,estanley4@bandcamp.com
6,Anthony,Chavez,achavez5@multiply.com
7,Margaret,Fernandez,mfernandez6@noaa.gov
8,Alice,Alvarez,aalvarez7@reddit.com
9,Ruth,Castillo,rcastillo8@mtv.com
10,Sharon,Rogers,srogers9@printfriendly.com
11,Melissa,Wells,mwellsa@vinaora.com
12,Shirley,Robertson,srobertsonb@macromedia.com
13,Benjamin,Reyes,breyesc@hc360.com
14,Robin,Butler,rbutlerd@latimes.com
15,Joe,Morales,jmoralese@walmart.com
16,Betty,Rice,bricef@shinystat.com
17,Jerry,Stephens,jstephensg@netlog.com
18,Robin,Fowler,rfowlerh@t-online.de
19,Julia,Peterson,jpetersoni@facebook.com
20,Kathy,Henderson,khendersonj@fastcompany.com
21,Steven,Brooks,sbrooksk@fc2.com
22,Jane,Lee,jleel@nationalgeographic.com
23,Ralph,Graham,rgrahamm@newsvine.com
24,Roger,Grant,rgrantn@google.de
25,Russell,Gomez,rgomezo@stanford.edu
26,Gary,Chavez,gchavezp@ameblo.jp
27,Donna,Ruiz,druizq@exblog.jp
28,Andrew,Garcia,agarciar@yale.edu
29,Nancy,Williamson,nwilliamsons@tinyurl.com
30,Matthew,Ortiz,mortizt@furl.net
31,Amanda,Hart,ahartu@issuu.com
32,Julie,Morrison,jmorrisonv@simplemachines.org
33,Alice,Gutierrez,agutierrezw@mashable.com
34,Annie,Medina,amedinax@intel.com
35,Nicholas,Meyer,nmeyery@zimbio.com
36,Mildred,Perry,mperryz@gmpg.org
37,Joyce,Kennedy,jkennedy10@chronoengine.com
38,Shirley,Fox,sfox11@google.ca
39,Jean,Stewart,jstewart12@businessweek.com
40,Thomas,Mccoy,tmccoy13@mlb.com
41,Shawn,Arnold,sarnold14@facebook.com
42,Carlos,Berry,cberry15@themeforest.net
43,Gregory,Ruiz,gruiz16@uol.com.br
44,Catherine,Riley,criley17@jimdo.com
45,Walter,Collins,wcollins18@redcross.org
46,James,Matthews,jmatthews19@pagesperso-orange.fr
47,Gregory,Foster,gfoster1a@ow.ly
48,Richard,Nelson,rnelson1b@jugem.jp
49,Larry,Grant,lgrant1c@netlog.com
50,Arthur,Wallace,awallace1d@studiopress.com
51,Helen,Armstrong,harmstrong1e@tamu.edu
52,Teresa,Dixon,tdixon1f@stumbleupon.com
53,Cynthia,Rivera,crivera1g@utexas.edu
54,Timothy,Pierce,tpierce1h@admin.ch
55,Emily,Sims,esims1i@shareasale.com
56,Ruby,Armstrong,rarmstrong1j@multiply.com
57,Roger,Warren,rwarren1k@psu.edu
58,Louise,Chapman,lchapman1l@desdev.cn
59,Thomas,Hunter,thunter1m@reuters.com
60,Patrick,Martinez,pmartinez1n@washington.edu
61,Ernest,Bennett,ebennett1o@ucsd.edu
62,Marie,Mendoza,mmendoza1p@mediafire.com
63,Virginia,Richards,vrichards1q@intel.com
64,Harry,Jones,hjones1r@blogspot.com
65,Eric,Murphy,emurphy1s@paypal.com
66,Edward,Moreno,emoreno1t@businessweek.com
67,William,Fox,wfox1u@twitpic.com
68,Susan,Diaz,sdiaz1v@ucoz.ru
69,Judy,Henderson,jhenderson1w@oakley.com
70,Lillian,Ortiz,lortiz1x@cbsnews.com
71,Paula,Sanders,psanders1y@unblog.fr
72,Charles,Fields,cfields1z@squidoo.com
73,Gloria,Moore,gmoore20@wp.com
74,Jeffrey,Sanchez,jsanchez21@vkontakte.ru
75,Ann,Duncan,aduncan22@gmpg.org
76,Sharon,Welch,swelch23@g.co
77,Ryan,Coleman,rcoleman24@cpanel.net
78,Jason,Taylor,jtaylor25@homestead.com
79,Albert,Ford,aford26@google.com.hk
80,Willie,Jordan,wjordan27@reddit.com
81,Dorothy,Wood,dwood28@hp.com
82,Elizabeth,Baker,ebaker29@omniture.com
83,Amanda,Larson,alarson2a@sfgate.com
84,Johnny,Howell,jhowell2b@yelp.com
85,Kathleen,Jones,kjones2c@sina.com.cn
86,Pamela,Oliver,poliver2d@google.pl
87,Steven,Boyd,sboyd2e@ocn.ne.jp
88,Wayne,Adams,wadams2f@jiathis.com
89,Margaret,Chapman,mchapman2g@webs.com
90,Jonathan,Nichols,jnichols2h@printfriendly.com
91,Beverly,Wheeler,bwheeler2i@taobao.com
92,Dorothy,Reid,dreid2j@yandex.ru
93,Nicholas,Wagner,nwagner2k@wix.com
94,Todd,Smith,tsmith2l@barnesandnoble.com
95,Laura,Hughes,lhughes2m@discuz.net
96,Anne,King,aking2n@flickr.com
97,Beverly,Bell,bbell2o@bloomberg.com
98,Denise,Sanders,dsanders2p@webmd.com
99,Gerald,Sanders,gsanders2q@vk.com
100,Denise,Young,dyoung2r@uiuc.edu
